,original position,computed position,offset
0,0.9685122892509723 0.5731579252684238 0.5017990501803438,0.19498766860859276 0.13897637665082646 0.11620540854261197,0.967231312753759
1,-0.10533502604427758 -0.29650049109947174 0.884625896869089,-0.24717469758095964 -0.5297933544768558 1.579815365551913,0.7468818178881849
