,original position,computed position,offset
0,0.9685122892509723 0.5731579252684238 0.5017990501803438,0.2947312412664019 0.21006805347894714 0.17564887331610504,0.831979022264299
1,-0.10533502604427758 -0.29650049109947174 0.884625896869089,-0.24185089782490646 -0.518382341299025 1.545788336329069,0.7106362712729163
