,original position,computed position,offset
0,0.9685122892509723 0.5731579252684238 0.5017990501803438,0.3036097577021833 0.21639616670315615 0.18094013935889933,0.8199541264534831
1,-0.10533502604427758 -0.29650049109947174 0.884625896869089,-0.2607438733190693 -0.5588774767682332 1.6665426581863776,0.8392779122846155
