,original position,computed position,offset
0,0.9685122892509723 0.5731579252684238 0.5017990501803438,0.18995820307976788 0.13539165305946232 0.11320803388451874,0.9740578792471379
1,-0.10533502604427758 -0.29650049109947174 0.884625896869089,-0.23666945587066263 -0.5072764573196722 1.5126711860093118,0.6753636987617168
