,original position,computed position,offset
0,0.9685122892509723 0.5731579252684238 0.5017990501803438,-0.08082245496859898 -0.05760575539834668 -0.048167181371330185,1.3421732682935517
1,-0.10533502604427758 -0.29650049109947174 0.884625896869089,-0.3995100847783286 -0.8563084734541535 2.5534659364517784,1.7846431071795712
