,original position,computed position,offset
0,0.9685122892509723 0.5731579252684238 0.5017990501803438,0.30031590975560063 0.2140484948933366 0.17897712831804108,0.8244149305961853
1,-0.10533502604427758 -0.29650049109947174 0.884625896869089,-0.2513281029657061 -0.5386957485844329 1.6063618272666633,0.7751614505920977
