,original position,computed position,offset
0,0.9685122892509723 0.5731579252684238 0.5017990501803438,0.19764648846734487 0.1408714357218612 0.11778996642841195,0.9636226794063493
1,-0.10533502604427758 -0.29650049109947174 0.884625896869089,-0.2541161620865584 -0.5446716644389775 1.6241816878037538,0.7941457836088639
