,original position,computed position,offset
0,0.9685122892509723 0.5731579252684238 0.5017990501803438,0.3083050305796384 0.2197426963403993 0.1837383476088731,0.8135960662151847
1,-0.10533502604427758 -0.29650049109947174 0.884625896869089,-0.2731254329646628 -0.5854160670142907 1.7456793108010704,0.9236010027628923
